model,pass,family,count,success,success_rate,collision,ground,unsafe,timeout,nonfinite,mean_return,mean_steps
BC,1,SINGLE_BLOCK,100,64,0.64,0,32,32,4,0,14.03589659676858,409.3
BC,1,OFFSET_BLOCK,100,70,0.7,0,26,26,4,0,16.929565061406223,437.99
BC,1,DOUBLE_BLOCK,100,62,0.62,0,34,34,4,0,13.243673475871173,407.71
BC,1,ALTERNATING_BLOCKS,100,63,0.63,2,29,31,6,0,14.127889236518634,410.74
BC,1,SBEND_RANDOM,100,63,0.63,0,32,32,5,0,13.805731183670552,431.97
BC,1,CHICANE_RANDOM,100,64,0.64,1,31,32,4,0,13.969035182424147,402.04
BC,1,NARROW_GATE,100,63,0.63,3,32,35,2,0,12.627598217047455,374.39
BC,1,DOUBLE_GATE,100,53,0.53,8,36,44,3,0,8.374936921498712,358.93
BC,1,LATERAL_DETOUR,100,57,0.57,0,39,39,4,0,10.323476954187996,410.03
BC,1,MIXED_CLUTTER,100,68,0.68,0,32,32,0,0,14.97137029923475,387.45
BC,5,SINGLE_BLOCK,100,100,1.0,0,0,0,0,0,30.821684313289353,444.94
BC,5,OFFSET_BLOCK,100,100,1.0,0,0,0,0,0,30.84452534174021,446.68
BC,5,DOUBLE_BLOCK,100,100,1.0,0,0,0,0,0,30.84148093924463,443.57
BC,5,ALTERNATING_BLOCKS,100,100,1.0,0,0,0,0,0,30.821712543911886,443.55
BC,5,SBEND_RANDOM,100,100,1.0,0,0,0,0,0,30.894936698157043,448.18
BC,5,CHICANE_RANDOM,100,100,1.0,0,0,0,0,0,30.86457507189712,447.15
BC,5,NARROW_GATE,100,96,0.96,4,0,4,0,0,28.941580108095792,432.38
BC,5,DOUBLE_GATE,100,88,0.88,12,0,12,0,0,25.280167896202705,415.11
BC,5,LATERAL_DETOUR,100,100,1.0,0,0,0,0,0,30.843019317754273,445.08
BC,5,MIXED_CLUTTER,100,98,0.98,0,0,0,2,0,30.452629227214175,454.73
BC,10,SINGLE_BLOCK,100,84,0.84,0,9,9,7,0,24.92957581925022,450.12
BC,10,OFFSET_BLOCK,100,73,0.73,0,23,23,4,0,19.093042953888993,408.91
BC,10,DOUBLE_BLOCK,100,73,0.73,0,20,20,7,0,19.756199122302174,416.42
BC,10,ALTERNATING_BLOCKS,100,72,0.72,0,23,23,5,0,18.87983830591077,402.46
BC,10,SBEND_RANDOM,100,76,0.76,0,17,17,7,0,21.28294285218095,429.98
BC,10,CHICANE_RANDOM,100,80,0.8,0,9,9,11,0,24.14955545533717,471.07
BC,10,NARROW_GATE,100,71,0.71,1,22,23,6,0,18.673294145082515,411.37
BC,10,DOUBLE_GATE,100,52,0.52,21,19,40,8,0,10.68792996372796,387.31
BC,10,LATERAL_DETOUR,100,72,0.72,0,20,20,8,0,19.5263854953602,436.58
BC,10,MIXED_CLUTTER,100,79,0.79,0,16,16,5,0,22.283974361902427,431.63
BC,20,SINGLE_BLOCK,100,88,0.88,0,0,0,12,0,26.72511184966588,508.27
BC,20,OFFSET_BLOCK,100,90,0.9,0,1,1,9,0,27.332081937103485,489.01
BC,20,DOUBLE_BLOCK,100,86,0.86,0,2,2,12,0,25.84290525310375,508.51
BC,20,ALTERNATING_BLOCKS,100,88,0.88,0,1,1,11,0,26.63572791014692,499.49
BC,20,SBEND_RANDOM,100,85,0.85,0,1,1,14,0,25.75250919234804,518.32
BC,20,CHICANE_RANDOM,100,90,0.9,0,3,3,7,0,27.06899459313368,481.5
BC,20,NARROW_GATE,100,67,0.67,5,2,7,26,0,18.568200729269805,561.67
BC,20,DOUBLE_GATE,100,59,0.59,14,1,15,26,0,15.131595422486846,545.82
BC,20,LATERAL_DETOUR,100,94,0.94,0,0,0,6,0,28.782553387556906,476.35
BC,20,MIXED_CLUTTER,100,79,0.79,0,1,1,20,0,23.605395898155237,546.58
BC,30,SINGLE_BLOCK,100,85,0.85,0,0,0,15,0,25.2042696148548,531.31
BC,30,OFFSET_BLOCK,100,86,0.86,0,0,0,14,0,25.556716062571333,528.65
BC,30,DOUBLE_BLOCK,100,85,0.85,0,0,0,15,0,25.283654355743305,532.37
BC,30,ALTERNATING_BLOCKS,100,84,0.84,0,0,0,16,0,24.79806239836711,536.22
BC,30,SBEND_RANDOM,100,86,0.86,0,0,0,14,0,25.685737099891885,527.97
BC,30,CHICANE_RANDOM,100,91,0.91,0,0,0,9,0,27.511903457971595,504.86
BC,30,NARROW_GATE,100,82,0.82,1,0,1,17,0,24.023228398721308,538.56
BC,30,DOUBLE_GATE,100,69,0.69,16,0,16,15,0,17.997059912303165,500.89
BC,30,LATERAL_DETOUR,100,88,0.88,0,0,0,12,0,26.355329832954773,516.82
BC,30,MIXED_CLUTTER,100,86,0.86,0,0,0,14,0,25.60901653103206,525.42
DIFFUSION,1,SINGLE_BLOCK,100,92,0.92,0,4,4,4,0,27.916282343858757,468.64
DIFFUSION,1,OFFSET_BLOCK,100,89,0.89,0,5,5,6,0,27.06999984968448,469.86
DIFFUSION,1,DOUBLE_BLOCK,100,92,0.92,0,6,6,2,0,27.385989746063725,439.73
DIFFUSION,1,ALTERNATING_BLOCKS,100,85,0.85,0,6,6,9,0,25.890885768399823,483.06
DIFFUSION,1,SBEND_RANDOM,100,84,0.84,0,8,8,8,0,25.13732800766723,462.28
DIFFUSION,1,CHICANE_RANDOM,100,81,0.81,0,8,8,11,0,24.481848914298833,480.8
DIFFUSION,1,NARROW_GATE,100,70,0.7,5,12,17,13,0,19.70632219346412,459.18
DIFFUSION,1,DOUBLE_GATE,100,53,0.53,15,20,35,12,0,11.465068537224465,425.98
DIFFUSION,1,LATERAL_DETOUR,100,90,0.9,0,4,4,6,0,27.541572251002155,462.2
DIFFUSION,1,MIXED_CLUTTER,100,88,0.88,0,6,6,6,0,26.528560637272477,464.25
DIFFUSION,5,SINGLE_BLOCK,100,100,1.0,0,0,0,0,0,30.816704917684632,447.42
DIFFUSION,5,OFFSET_BLOCK,100,100,1.0,0,0,0,0,0,30.83941992995882,449.37
DIFFUSION,5,DOUBLE_BLOCK,100,99,0.99,0,1,1,0,0,30.361825086453894,444.91
DIFFUSION,5,ALTERNATING_BLOCKS,100,99,0.99,0,1,1,0,0,30.33568751568791,445.11
DIFFUSION,5,SBEND_RANDOM,100,99,0.99,0,1,1,0,0,30.408868410502787,448.89
DIFFUSION,5,CHICANE_RANDOM,100,97,0.97,0,3,3,0,0,29.433164846783374,443.27
DIFFUSION,5,NARROW_GATE,100,91,0.91,2,7,9,0,0,26.485356900079672,430.04
DIFFUSION,5,DOUBLE_GATE,100,71,0.71,16,13,29,0,0,17.55211497541309,398.44
DIFFUSION,5,LATERAL_DETOUR,100,100,1.0,0,0,0,0,0,30.834853999001314,448.63
DIFFUSION,5,MIXED_CLUTTER,100,99,0.99,0,1,1,0,0,30.379435418767844,450.34
DIFFUSION,10,SINGLE_BLOCK,100,96,0.96,0,0,0,4,0,29.661982571339262,463.29
DIFFUSION,10,OFFSET_BLOCK,100,90,0.9,0,0,0,10,0,27.938153111136863,494.95
DIFFUSION,10,DOUBLE_BLOCK,100,93,0.93,0,0,0,7,0,28.897034240560906,474.19
DIFFUSION,10,ALTERNATING_BLOCKS,100,93,0.93,0,0,0,7,0,29.205942597876643,475.04
DIFFUSION,10,SBEND_RANDOM,100,96,0.96,0,0,0,4,0,29.647714869613672,464.57
DIFFUSION,10,CHICANE_RANDOM,100,94,0.94,0,0,0,6,0,29.264800613150037,477.13
DIFFUSION,10,NARROW_GATE,100,93,0.93,3,0,3,4,0,28.350976163732234,457.04
DIFFUSION,10,DOUBLE_GATE,100,81,0.81,15,0,15,4,0,23.22616453400349,451.34
DIFFUSION,10,LATERAL_DETOUR,100,90,0.9,0,0,0,10,0,27.895123925190745,494.21
DIFFUSION,10,MIXED_CLUTTER,100,94,0.94,0,0,0,6,0,29.476329336080717,473.21
DIFFUSION,20,SINGLE_BLOCK,100,79,0.79,0,1,1,20,0,23.53280253610431,555.2
DIFFUSION,20,OFFSET_BLOCK,100,87,0.87,0,0,0,13,0,26.8480670680769,513.95
DIFFUSION,20,DOUBLE_BLOCK,100,84,0.84,0,1,1,15,0,25.609006351812845,521.74
DIFFUSION,20,ALTERNATING_BLOCKS,100,88,0.88,0,0,0,12,0,26.74152256165344,511.52
DIFFUSION,20,SBEND_RANDOM,100,87,0.87,0,0,0,13,0,26.282863564394347,518.06
DIFFUSION,20,CHICANE_RANDOM,100,83,0.83,0,2,2,15,0,24.83132404466474,525.12
DIFFUSION,20,NARROW_GATE,100,70,0.7,9,0,9,21,0,19.58387212848911,528.38
DIFFUSION,20,DOUBLE_GATE,100,58,0.58,10,0,10,32,0,16.161381451221317,590.39
DIFFUSION,20,LATERAL_DETOUR,100,86,0.86,0,0,0,14,0,25.899052783955973,521.9
DIFFUSION,20,MIXED_CLUTTER,100,86,0.86,0,0,0,14,0,26.20134465810517,521.75
DIFFUSION,30,SINGLE_BLOCK,100,82,0.82,0,0,0,18,0,24.04141317906752,544.37
DIFFUSION,30,OFFSET_BLOCK,100,85,0.85,0,0,0,15,0,25.23556309696854,529.01
DIFFUSION,30,DOUBLE_BLOCK,100,86,0.86,0,0,0,14,0,25.626449117897,524.04
DIFFUSION,30,ALTERNATING_BLOCKS,100,89,0.89,0,0,0,11,0,26.707091026464422,508.15
DIFFUSION,30,SBEND_RANDOM,100,86,0.86,0,0,0,14,0,25.800333449585946,526.66
DIFFUSION,30,CHICANE_RANDOM,100,87,0.87,0,0,0,13,0,25.967773667145956,521.98
DIFFUSION,30,NARROW_GATE,100,80,0.8,1,0,1,19,0,23.403113608997423,546.5
DIFFUSION,30,DOUBLE_GATE,100,69,0.69,9,0,9,22,0,18.443011007065408,543.47
DIFFUSION,30,LATERAL_DETOUR,100,81,0.81,0,0,0,19,0,23.90080164121333,549.21
DIFFUSION,30,MIXED_CLUTTER,100,80,0.8,0,0,0,20,0,23.563326457337812,552.65
