method,family,tasks,success,success_rate,unsafe,timeout,mean_return
greedy_goal,ALL,54,18,0.3333333333333333,36,0,-0.4155289717028482
greedy_goal,DIAGONAL_CROSSOVER,9,0,0.0,9,0,-16.129265331218782
greedy_goal,DOUBLE_ALTERNATING,9,0,0.0,9,0,-16.883252373911375
greedy_goal,NARROW_GATE,9,9,1.0,0,0,29.529812045660233
greedy_goal,OFFSET_TWIN_GATE,9,9,1.0,0,0,34.56231822968218
greedy_goal,TRIPLE_CHICANE,9,0,0.0,9,0,-17.305133957341095
greedy_goal,WIDE_LATERAL_DETOUR,9,0,0.0,9,0,-16.26765244308824
pure_ppo_seed_20260812,ALL,54,0,0.0,19,35,-5.299476903203504
pure_ppo_seed_20260812,DIAGONAL_CROSSOVER,9,0,0.0,0,9,1.9173131026939676
pure_ppo_seed_20260812,DOUBLE_ALTERNATING,9,0,0.0,9,0,-17.151534668521915
pure_ppo_seed_20260812,NARROW_GATE,9,0,0.0,0,9,1.0488489861831287
pure_ppo_seed_20260812,OFFSET_TWIN_GATE,9,0,0.0,1,8,-1.326830280030069
pure_ppo_seed_20260812,TRIPLE_CHICANE,9,0,0.0,9,0,-17.479075927102457
pure_ppo_seed_20260812,WIDE_LATERAL_DETOUR,9,0,0.0,0,9,1.1944173675563183
pure_ppo_seed_20260813,ALL,54,0,0.0,3,51,-0.3834893162989082
pure_ppo_seed_20260813,DIAGONAL_CROSSOVER,9,0,0.0,0,9,1.471050336829097
pure_ppo_seed_20260813,DOUBLE_ALTERNATING,9,0,0.0,1,8,-1.2917644261919916
pure_ppo_seed_20260813,NARROW_GATE,9,0,0.0,0,9,0.7136052799905617
pure_ppo_seed_20260813,OFFSET_TWIN_GATE,9,0,0.0,1,8,-1.4252755734174576
pure_ppo_seed_20260813,TRIPLE_CHICANE,9,0,0.0,1,8,-2.062172599251909
pure_ppo_seed_20260813,WIDE_LATERAL_DETOUR,9,0,0.0,0,9,0.2936210842482496
pure_ppo_seed_20260814,ALL,54,0,0.0,2,52,-0.06556328984836592
pure_ppo_seed_20260814,DIAGONAL_CROSSOVER,9,0,0.0,0,9,1.0909170375215829
pure_ppo_seed_20260814,DOUBLE_ALTERNATING,9,0,0.0,0,9,0.779519320883592
pure_ppo_seed_20260814,NARROW_GATE,9,0,0.0,0,9,0.41501335616357227
pure_ppo_seed_20260814,OFFSET_TWIN_GATE,9,0,0.0,0,9,0.26252869440516235
pure_ppo_seed_20260814,TRIPLE_CHICANE,9,0,0.0,2,7,-3.1638087159157293
pure_ppo_seed_20260814,WIDE_LATERAL_DETOUR,9,0,0.0,0,9,0.22245056785162395
bc_only,ALL,54,4,0.07407407407407407,20,30,-0.7979820635418294
bc_only,DIAGONAL_CROSSOVER,9,0,0.0,0,9,0.5246589854953249
bc_only,DOUBLE_ALTERNATING,9,0,0.0,4,5,-1.6786089644567992
bc_only,NARROW_GATE,9,1,0.1111111111111111,4,4,-1.7549643882684676
bc_only,OFFSET_TWIN_GATE,9,2,0.2222222222222222,2,5,10.723010151343855
bc_only,TRIPLE_CHICANE,9,0,0.0,2,7,-0.8907630906599441
bc_only,WIDE_LATERAL_DETOUR,9,1,0.1111111111111111,8,0,-11.711225074704947
bc_ppo_seed_20260812,ALL,54,6,0.1111111111111111,27,21,-2.5668099498807426
bc_ppo_seed_20260812,DIAGONAL_CROSSOVER,9,0,0.0,7,2,-11.883649853204581
bc_ppo_seed_20260812,DOUBLE_ALTERNATING,9,1,0.1111111111111111,5,3,-2.3806124621946623
bc_ppo_seed_20260812,NARROW_GATE,9,3,0.3333333333333333,3,3,5.813241173556032
bc_ppo_seed_20260812,OFFSET_TWIN_GATE,9,2,0.2222222222222222,3,4,8.543468767084178
bc_ppo_seed_20260812,TRIPLE_CHICANE,9,0,0.0,0,9,1.122757655883939
bc_ppo_seed_20260812,WIDE_LATERAL_DETOUR,9,0,0.0,9,0,-16.616064980409362
bc_ppo_seed_20260813,ALL,54,6,0.1111111111111111,24,24,-0.8768150647847079
bc_ppo_seed_20260813,DIAGONAL_CROSSOVER,9,0,0.0,4,5,-6.152797917155677
bc_ppo_seed_20260813,DOUBLE_ALTERNATING,9,1,0.1111111111111111,3,5,4.712958042219636
bc_ppo_seed_20260813,NARROW_GATE,9,1,0.1111111111111111,4,4,-1.8314009766175303
bc_ppo_seed_20260813,OFFSET_TWIN_GATE,9,1,0.1111111111111111,4,4,1.238366691145816
bc_ppo_seed_20260813,TRIPLE_CHICANE,9,0,0.0,3,6,-1.8017699801001035
bc_ppo_seed_20260813,WIDE_LATERAL_DETOUR,9,3,0.3333333333333333,6,0,-1.4262462482003886
bc_ppo_seed_20260814,ALL,54,4,0.07407407407407407,20,30,-0.7979820635418294
bc_ppo_seed_20260814,DIAGONAL_CROSSOVER,9,0,0.0,0,9,0.5246589854953249
bc_ppo_seed_20260814,DOUBLE_ALTERNATING,9,0,0.0,4,5,-1.6786089644567992
bc_ppo_seed_20260814,NARROW_GATE,9,1,0.1111111111111111,4,4,-1.7549643882684676
bc_ppo_seed_20260814,OFFSET_TWIN_GATE,9,2,0.2222222222222222,2,5,10.723010151343855
bc_ppo_seed_20260814,TRIPLE_CHICANE,9,0,0.0,2,7,-0.8907630906599441
bc_ppo_seed_20260814,WIDE_LATERAL_DETOUR,9,1,0.1111111111111111,8,0,-11.711225074704947
diffusion_only,ALL,54,10,0.18518518518518517,30,14,-0.6031112875163614
diffusion_only,DIAGONAL_CROSSOVER,9,0,0.0,8,1,-14.922033460686366
diffusion_only,DOUBLE_ALTERNATING,9,4,0.4444444444444444,1,4,16.138289749686095
diffusion_only,NARROW_GATE,9,3,0.3333333333333333,6,0,-0.5304996598667001
diffusion_only,OFFSET_TWIN_GATE,9,2,0.2222222222222222,5,2,2.0605056414790703
diffusion_only,TRIPLE_CHICANE,9,0,0.0,2,7,4.792710924828844
diffusion_only,WIDE_LATERAL_DETOUR,9,1,0.1111111111111111,8,0,-11.157640920539116
diffusion_ppo_seed_20260812,ALL,54,10,0.18518518518518517,30,14,-0.6031112875163614
diffusion_ppo_seed_20260812,DIAGONAL_CROSSOVER,9,0,0.0,8,1,-14.922033460686366
diffusion_ppo_seed_20260812,DOUBLE_ALTERNATING,9,4,0.4444444444444444,1,4,16.138289749686095
diffusion_ppo_seed_20260812,NARROW_GATE,9,3,0.3333333333333333,6,0,-0.5304996598667001
diffusion_ppo_seed_20260812,OFFSET_TWIN_GATE,9,2,0.2222222222222222,5,2,2.0605056414790703
diffusion_ppo_seed_20260812,TRIPLE_CHICANE,9,0,0.0,2,7,4.792710924828844
diffusion_ppo_seed_20260812,WIDE_LATERAL_DETOUR,9,1,0.1111111111111111,8,0,-11.157640920539116
diffusion_ppo_seed_20260813,ALL,54,10,0.18518518518518517,30,14,-0.6031112875163614
diffusion_ppo_seed_20260813,DIAGONAL_CROSSOVER,9,0,0.0,8,1,-14.922033460686366
diffusion_ppo_seed_20260813,DOUBLE_ALTERNATING,9,4,0.4444444444444444,1,4,16.138289749686095
diffusion_ppo_seed_20260813,NARROW_GATE,9,3,0.3333333333333333,6,0,-0.5304996598667001
diffusion_ppo_seed_20260813,OFFSET_TWIN_GATE,9,2,0.2222222222222222,5,2,2.0605056414790703
diffusion_ppo_seed_20260813,TRIPLE_CHICANE,9,0,0.0,2,7,4.792710924828844
diffusion_ppo_seed_20260813,WIDE_LATERAL_DETOUR,9,1,0.1111111111111111,8,0,-11.157640920539116
diffusion_ppo_seed_20260814,ALL,54,10,0.18518518518518517,30,14,-0.6031112875163614
diffusion_ppo_seed_20260814,DIAGONAL_CROSSOVER,9,0,0.0,8,1,-14.922033460686366
diffusion_ppo_seed_20260814,DOUBLE_ALTERNATING,9,4,0.4444444444444444,1,4,16.138289749686095
diffusion_ppo_seed_20260814,NARROW_GATE,9,3,0.3333333333333333,6,0,-0.5304996598667001
diffusion_ppo_seed_20260814,OFFSET_TWIN_GATE,9,2,0.2222222222222222,5,2,2.0605056414790703
diffusion_ppo_seed_20260814,TRIPLE_CHICANE,9,0,0.0,2,7,4.792710924828844
diffusion_ppo_seed_20260814,WIDE_LATERAL_DETOUR,9,1,0.1111111111111111,8,0,-11.157640920539116
